cycle,round,mean
1,1,97.73652
1,2,96.433914
1,3,92.37143
1,4,90.35077
1,5,87.576515
1,6,86.26218
2,1,94.308395
2,2,94.43453
2,3,88.20915
2,4,85.76348
2,5,81.01056
2,6,78.68269
3,1,89.0214
3,2,85.580055
3,3,81.268875
3,4,75.9035
3,5,71.799614
3,6,72.27421
4,1,91.273705
4,2,84.77394
4,3,76.129845
4,4,70.95723
4,5,67.19503
4,6,68.04031
5,1,94.61224
5,2,88.30255
5,3,81.028915
5,4,73.11475
5,5,69.17112
5,6,69.55437
