cycle,round,mean
1,1,99.992218
1,2,99.825882
1,3,99.347527
1,4,98.188286
1,5,96.650085
1,6,94.334908
2,1,99.473778
2,2,98.542328
2,3,96.095161
2,4,92.676178
2,5,89.935684
2,6,85.964104
3,1,98.873672
3,2,97.153923
3,3,94.129196
3,4,90.248383
3,5,87.501793
3,6,84.417221
4,1,99.440559
4,2,97.409889
4,3,93.063103
4,4,88.281044
4,5,84.504906
4,6,80.367752
5,1,99.498344
5,2,96.402016
5,3,94.276764
5,4,86.163269
5,5,84.764908
5,6,83.489807
